{"stats":{"minecraft:killed":{"minecraft:guardian":2,"minecraft:zombie":1,"minecraft:drowned":5},"minecraft:killed_by":{"minecraft:player":2,"minecraft:creeper":1},"minecraft:custom":{"minecraft:interact_with_furnace":15,"minecraft:mob_kills":8,"minecraft:interact_with_crafting_table":16,"minecraft:play_one_minute":52438,"minecraft:damage_dealt_resisted":150,"minecraft:time_since_death":17577,"minecraft:damage_resisted":30,"minecraft:time_since_rest":17609,"minecraft:sprint_one_cm":46112,"minecraft:damage_taken":1727,"minecraft:walk_one_cm":96625,"minecraft:drop":46,"minecraft:damage_dealt":2432,"minecraft:fly_one_cm":49610,"minecraft:open_chest":77,"minecraft:crouch_one_cm":29113,"minecraft:deaths":3,"minecraft:sneak_time":17196,"minecraft:walk_under_water_one_cm":171,"minecraft:jump":545,"minecraft:walk_on_water_one_cm":1807,"minecraft:fall_one_cm":12446},"minecraft:dropped":{"minecraft:prismarine_shard":2,"minecraft:snowball":49,"minecraft:string":576,"minecraft:bucket":1},"minecraft:mined":{"minecraft:diamond_ore":2,"minecraft:dark_prismarine":41,"minecraft:oak_slab":4,"minecraft:dead_bubble_coral_block":1,"minecraft:snow_block":33,"minecraft:dark_oak_log":14,"minecraft:sea_lantern":8,"minecraft:crafting_table":7,"minecraft:clay":16,"minecraft:torch":1,"minecraft:granite":12,"minecraft:sponge":4,"minecraft:grass_block":25,"minecraft:dead_tube_coral_block":1,"minecraft:chest":11,"minecraft:bubble_coral_block":6,"minecraft:prismarine":96,"minecraft:tube_coral_block":9,"minecraft:diorite":25,"minecraft:prismarine_bricks":55,"minecraft:dead_fire_coral_block":1,"minecraft:birch_log":1,"minecraft:iron_ore":10,"minecraft:spruce_log":22,"minecraft:andesite":13,"minecraft:dead_horn_coral_block":2,"minecraft:dead_brain_coral_block":1,"minecraft:oak_log":6,"minecraft:coal_ore":10,"minecraft:gravel":5,"minecraft:sand":80,"minecraft:dirt":1,"minecraft:packed_ice":13,"minecraft:wet_sponge":1,"minecraft:stone":20,"minecraft:brain_coral_block":10,"minecraft:gold_ore":11,"minecraft:fire_coral_block":7,"minecraft:horn_coral_block":5},"minecraft:used":{"minecraft:cooked_mutton":2,"minecraft:water_bucket":4,"minecraft:birch_planks":1,"minecraft:stone_pickaxe":26,"minecraft:stone_shovel":156,"minecraft:wooden_pickaxe":4,"minecraft:iron_sword":35,"minecraft:torch":2,"minecraft:dirt":4,"minecraft:sand":1,"minecraft:white_carpet":1,"minecraft:oak_slab":90,"minecraft:crafting_table":7,"minecraft:mushroom_stew":12,"minecraft:cod_bucket":1,"minecraft:salmon_bucket":1,"minecraft:granite":1,"minecraft:snowball":28,"minecraft:milk_bucket":1,"minecraft:apple":1,"minecraft:iron_axe":22,"minecraft:iron_pickaxe":343,"minecraft:stone_axe":50,"minecraft:wooden_sword":1,"minecraft:bucket":7,"minecraft:tropical_fish_bucket":1,"minecraft:turtle_egg":1},"minecraft:crafted":{"minecraft:oak_slab":186,"minecraft:oak_planks":100,"minecraft:stone_shovel":2,"minecraft:spruce_planks":96,"minecraft:wooden_pickaxe":1,"minecraft:iron_sword":1,"minecraft:bowl":4,"minecraft:stone_axe":2,"minecraft:cooked_mutton":2,"minecraft:shield":1,"minecraft:iron_axe":1,"minecraft:stick":24,"minecraft:iron_ingot":9,"minecraft:iron_pickaxe":3,"minecraft:stone_pickaxe":1,"minecraft:dark_oak_planks":8},"minecraft:picked_up":{"minecraft:sponge":1,"minecraft:crafting_table":7,"minecraft:salmon":2,"minecraft:clay_ball":8,"minecraft:prismarine_shard":4,"minecraft:andesite":3,"minecraft:birch_planks":1,"minecraft:ice":1,"minecraft:flint":1,"minecraft:oak_log":2,"minecraft:prismarine_bricks":20,"minecraft:dead_horn_coral_block":1,"minecraft:dead_tube_coral_block":3,"minecraft:string":1358,"minecraft:dirt":10,"minecraft:white_carpet":1,"minecraft:bone":5,"minecraft:bucket":1,"minecraft:iron_ore":2,"minecraft:bubble_coral":1,"minecraft:prismarine":20,"minecraft:chest":3,"minecraft:dark_oak_sapling":3,"minecraft:oak_slab":2,"minecraft:gravel":1,"minecraft:dead_fire_coral_block":3,"minecraft:sand":20,"minecraft:diorite":7,"minecraft:spruce_log":14,"minecraft:gold_ore":3,"minecraft:prismarine_crystals":8,"minecraft:dark_oak_log":7,"minecraft:dark_prismarine":8,"minecraft:horn_coral_fan":1,"minecraft:rotten_flesh":3,"minecraft:arrow":2,"minecraft:diamond":2,"minecraft:dead_bubble_coral_block":3,"minecraft:dead_brain_coral_block":4,"minecraft:blue_ice":1,"minecraft:granite":3,"minecraft:bone_meal":5,"minecraft:fire_coral_fan":2,"minecraft:cod":1,"minecraft:coal":2,"minecraft:snowball":125,"minecraft:cobblestone":9}},"DataVersion":2584}