{"stats":{"minecraft:killed_by":{"minecraft:player":1},"minecraft:custom":{"minecraft:time_since_rest":2094,"minecraft:open_chest":9,"minecraft:play_one_minute":4438,"minecraft:crouch_one_cm":450,"minecraft:interact_with_furnace":2,"minecraft:sprint_one_cm":4273,"minecraft:deaths":1,"minecraft:damage_taken":245,"minecraft:walk_one_cm":9511,"minecraft:sneak_time":372,"minecraft:drop":8,"minecraft:jump":63,"minecraft:damage_dealt":10,"minecraft:walk_on_water_one_cm":182,"minecraft:time_since_death":2060,"minecraft:interact_with_crafting_table":2,"minecraft:fall_one_cm":1832,"minecraft:fly_one_cm":8185},"minecraft:dropped":{"minecraft:string":512},"minecraft:mined":{"minecraft:oak_slab":1,"minecraft:gravel":1,"minecraft:stone":8},"minecraft:used":{"minecraft:wooden_sword":1,"minecraft:oak_slab":1,"minecraft:stone_pickaxe":5,"minecraft:wooden_pickaxe":4},"minecraft:crafted":{"minecraft:spruce_planks":32,"minecraft:stick":8,"minecraft:wooden_pickaxe":1,"minecraft:stone_pickaxe":1},"minecraft:picked_up":{"minecraft:oak_slab":2,"minecraft:flint":1,"minecraft:string":1230,"minecraft:cobblestone":6}},"DataVersion":2584}