{"stats":{"minecraft:killed":{"minecraft:guardian":2,"minecraft:zombie":1,"minecraft:drowned":5},"minecraft:killed_by":{"minecraft:player":2,"minecraft:creeper":1},"minecraft:custom":{"minecraft:interact_with_furnace":15,"minecraft:mob_kills":8,"minecraft:interact_with_crafting_table":16,"minecraft:play_one_minute":64344,"minecraft:damage_dealt_resisted":150,"minecraft:leave_game":1,"minecraft:time_since_death":29483,"minecraft:damage_resisted":30,"minecraft:time_since_rest":29515,"minecraft:sprint_one_cm":51260,"minecraft:damage_taken":1767,"minecraft:walk_one_cm":108937,"minecraft:drop":49,"minecraft:damage_dealt":2467,"minecraft:fly_one_cm":57745,"minecraft:open_chest":109,"minecraft:crouch_one_cm":34299,"minecraft:sneak_time":22125,"minecraft:deaths":3,"minecraft:walk_under_water_one_cm":171,"minecraft:jump":620,"minecraft:walk_on_water_one_cm":1807,"minecraft:fall_one_cm":14768},"minecraft:dropped":{"minecraft:prismarine_shard":2,"minecraft:salmon_bucket":1,"minecraft:cod_bucket":1,"minecraft:snowball":49,"minecraft:string":576,"minecraft:written_book":1,"minecraft:bucket":1},"minecraft:mined":{"minecraft:dark_prismarine":54,"minecraft:oak_slab":4,"minecraft:diamond_ore":2,"minecraft:mossy_cobblestone":1,"minecraft:dead_bubble_coral_block":1,"minecraft:snow_block":34,"minecraft:dark_oak_log":19,"minecraft:sea_lantern":19,"minecraft:clay":21,"minecraft:crafting_table":7,"minecraft:torch":1,"minecraft:granite":14,"minecraft:grass_block":26,"minecraft:sponge":12,"minecraft:dead_tube_coral_block":1,"minecraft:chest":14,"minecraft:jungle_log":8,"minecraft:cobblestone":18,"minecraft:bubble_coral_block":9,"minecraft:prismarine":98,"minecraft:tube_coral_block":9,"minecraft:diorite":30,"minecraft:prismarine_bricks":61,"minecraft:dead_fire_coral_block":2,"minecraft:birch_log":1,"minecraft:iron_ore":20,"minecraft:spruce_log":23,"minecraft:andesite":13,"minecraft:dead_horn_coral_block":2,"minecraft:dead_brain_coral_block":2,"minecraft:oak_log":19,"minecraft:coal_ore":14,"minecraft:gravel":5,"minecraft:sand":82,"minecraft:dirt":2,"minecraft:packed_ice":15,"minecraft:wet_sponge":1,"minecraft:stone":29,"minecraft:brain_coral_block":13,"minecraft:fire_coral_block":10,"minecraft:gold_ore":12,"minecraft:horn_coral_block":13},"minecraft:used":{"minecraft:cooked_mutton":2,"minecraft:water_bucket":4,"minecraft:writable_book":1,"minecraft:birch_planks":1,"minecraft:stone_pickaxe":26,"minecraft:stone_shovel":164,"minecraft:wooden_pickaxe":4,"minecraft:iron_sword":35,"minecraft:torch":2,"minecraft:dirt":4,"minecraft:sand":1,"minecraft:white_carpet":1,"minecraft:oak_slab":90,"minecraft:crafting_table":7,"minecraft:mushroom_stew":13,"minecraft:cod_bucket":1,"minecraft:salmon_bucket":1,"minecraft:snowball":28,"minecraft:granite":1,"minecraft:milk_bucket":1,"minecraft:apple":1,"minecraft:iron_axe":57,"minecraft:iron_pickaxe":452,"minecraft:stone_axe":50,"minecraft:wooden_sword":1,"minecraft:bucket":7,"minecraft:tropical_fish_bucket":1,"minecraft:turtle_egg":1},"minecraft:broken":{"minecraft:iron_pickaxe":1},"minecraft:crafted":{"minecraft:oak_slab":186,"minecraft:oak_planks":100,"minecraft:stone_shovel":2,"minecraft:spruce_planks":96,"minecraft:wooden_pickaxe":1,"minecraft:iron_sword":1,"minecraft:bowl":4,"minecraft:stone_axe":2,"minecraft:cooked_mutton":2,"minecraft:shield":1,"minecraft:iron_axe":1,"minecraft:stick":24,"minecraft:iron_ingot":9,"minecraft:iron_pickaxe":3,"minecraft:stone_pickaxe":1,"minecraft:dark_oak_planks":8},"minecraft:picked_up":{"minecraft:sponge":7,"minecraft:crafting_table":7,"minecraft:feather":2,"minecraft:andesite":3,"minecraft:prismarine_shard":4,"minecraft:clay_ball":24,"minecraft:salmon":2,"minecraft:birch_planks":1,"minecraft:ice":1,"minecraft:flint":1,"minecraft:oak_log":14,"minecraft:prismarine_bricks":25,"minecraft:dead_horn_coral_block":9,"minecraft:cod_bucket":1,"minecraft:dirt":11,"minecraft:dead_tube_coral_block":3,"minecraft:string":1358,"minecraft:white_carpet":1,"minecraft:bone":5,"minecraft:bucket":1,"minecraft:iron_ore":12,"minecraft:bubble_coral":1,"minecraft:prismarine":21,"minecraft:chest":5,"minecraft:dark_oak_sapling":3,"minecraft:oak_slab":2,"minecraft:gravel":1,"minecraft:dead_fire_coral_block":5,"minecraft:sand":21,"minecraft:diorite":9,"minecraft:trident":1,"minecraft:spruce_log":14,"minecraft:gold_ore":3,"minecraft:dark_oak_log":8,"minecraft:prismarine_crystals":36,"minecraft:dark_prismarine":13,"minecraft:arrow":2,"minecraft:horn_coral_fan":1,"minecraft:rotten_flesh":3,"minecraft:salmon_bucket":1,"minecraft:diamond":2,"minecraft:tropical_fish":1,"minecraft:music_disc_ward":1,"minecraft:writable_book":1,"minecraft:dead_bubble_coral_block":5,"minecraft:blue_ice":1,"minecraft:dead_brain_coral_block":7,"minecraft:granite":4,"minecraft:bone_meal":5,"minecraft:fire_coral_fan":2,"minecraft:cod":1,"minecraft:coal":5,"minecraft:snowball":129,"minecraft:cobblestone":17}},"DataVersion":2584}