{"stats":{"minecraft:killed":{"minecraft:witch":1,"minecraft:guardian":2,"minecraft:drowned":5,"minecraft:zombie":1,"minecraft:enderman":1},"minecraft:killed_by":{"minecraft:player":2,"minecraft:creeper":1,"minecraft:enderman":2},"minecraft:custom":{"minecraft:mob_kills":10,"minecraft:interact_with_crafting_table":20,"minecraft:damage_dealt_resisted":150,"minecraft:leave_game":4,"minecraft:time_since_death":10931,"minecraft:damage_resisted":30,"minecraft:sprint_one_cm":97992,"minecraft:walk_one_cm":166282,"minecraft:drop":52,"minecraft:deaths":5,"minecraft:sneak_time":28686,"minecraft:walk_under_water_one_cm":995,"minecraft:jump":1253,"minecraft:walk_on_water_one_cm":3427,"minecraft:interact_with_furnace":15,"minecraft:play_one_minute":95715,"minecraft:sleep_in_bed":3,"minecraft:time_since_rest":7009,"minecraft:damage_taken":3696,"minecraft:damage_dealt":4080,"minecraft:fly_one_cm":139407,"minecraft:open_chest":143,"minecraft:crouch_one_cm":47287,"minecraft:fall_one_cm":30979},"minecraft:dropped":{"minecraft:prismarine_shard":2,"minecraft:salmon_bucket":1,"minecraft:mushroom_stew":1,"minecraft:snowball":49,"minecraft:iron_pickaxe":1,"minecraft:string":576,"minecraft:bucket":1,"minecraft:gravel":1,"minecraft:cod_bucket":1,"minecraft:written_book":1},"minecraft:mined":{"minecraft:dark_prismarine":54,"minecraft:diamond_ore":3,"minecraft:white_bed":1,"minecraft:mossy_cobblestone":18,"minecraft:dark_oak_log":20,"minecraft:sea_lantern":19,"minecraft:granite":14,"minecraft:grass_block":41,"minecraft:dead_tube_coral_block":1,"minecraft:jungle_log":30,"minecraft:bubble_coral_block":9,"minecraft:tube_coral_block":9,"minecraft:iron_ore":22,"minecraft:andesite":13,"minecraft:dead_horn_coral_block":2,"minecraft:packed_ice":15,"minecraft:wet_sponge":1,"minecraft:stone":30,"minecraft:brain_coral_block":13,"minecraft:fire_coral_block":10,"minecraft:oak_slab":4,"minecraft:dead_bubble_coral_block":1,"minecraft:snow_block":35,"minecraft:clay":21,"minecraft:crafting_table":7,"minecraft:torch":1,"minecraft:sponge":12,"minecraft:chest":16,"minecraft:cobblestone":129,"minecraft:prismarine":98,"minecraft:diorite":30,"minecraft:prismarine_bricks":61,"minecraft:dead_fire_coral_block":2,"minecraft:birch_log":1,"minecraft:spruce_log":23,"minecraft:dead_brain_coral_block":2,"minecraft:oak_log":19,"minecraft:coal_ore":20,"minecraft:gravel":6,"minecraft:sand":83,"minecraft:dirt":3,"minecraft:gold_ore":12,"minecraft:horn_coral_block":13},"minecraft:used":{"minecraft:trident":1,"minecraft:writable_book":1,"minecraft:iron_shovel":14,"minecraft:stone_shovel":170,"minecraft:iron_sword":37,"minecraft:torch":2,"minecraft:dirt":4,"minecraft:white_carpet":1,"minecraft:cod_bucket":1,"minecraft:salmon_bucket":1,"minecraft:granite":1,"minecraft:snowball":28,"minecraft:milk_bucket":1,"minecraft:iron_axe":101,"minecraft:dead_bubble_coral_block":1,"minecraft:turtle_egg":1,"minecraft:cooked_mutton":2,"minecraft:water_bucket":4,"minecraft:birch_planks":1,"minecraft:stone_pickaxe":174,"minecraft:ender_pearl":1,"minecraft:wooden_pickaxe":4,"minecraft:sand":1,"minecraft:oak_slab":90,"minecraft:crafting_table":7,"minecraft:mushroom_stew":33,"minecraft:white_bed":2,"minecraft:apple":1,"minecraft:iron_pickaxe":455,"minecraft:stone_axe":50,"minecraft:wooden_sword":1,"minecraft:cobblestone":1,"minecraft:bucket":7,"minecraft:tropical_fish_bucket":1},"minecraft:broken":{"minecraft:iron_pickaxe":1},"minecraft:crafted":{"minecraft:oak_planks":116,"minecraft:stone_shovel":2,"minecraft:cooked_mutton":2,"minecraft:iron_axe":1,"minecraft:stone_pickaxe":2,"minecraft:dark_oak_planks":8,"minecraft:oak_slab":186,"minecraft:spruce_planks":96,"minecraft:wooden_pickaxe":1,"minecraft:iron_sword":1,"minecraft:bowl":8,"minecraft:stone_axe":2,"minecraft:shield":1,"minecraft:stick":32,"minecraft:iron_ingot":9,"minecraft:iron_pickaxe":4,"minecraft:white_bed":1},"minecraft:picked_up":{"minecraft:crafting_table":7,"minecraft:clay_ball":24,"minecraft:prismarine_shard":4,"minecraft:dead_horn_coral_block":9,"minecraft:shield":2,"minecraft:cod_bucket":1,"minecraft:string":1362,"minecraft:dead_tube_coral_block":3,"minecraft:iron_axe":2,"minecraft:iron_shovel":2,"minecraft:white_carpet":1,"minecraft:bucket":1,"minecraft:bubble_coral":1,"minecraft:iron_pickaxe":1,"minecraft:chest":6,"minecraft:dark_oak_sapling":3,"minecraft:diorite":9,"minecraft:trident":1,"minecraft:redstone":2,"minecraft:prismarine_crystals":36,"minecraft:horn_coral_fan":1,"minecraft:arrow":2,"minecraft:rotten_flesh":3,"minecraft:salmon_bucket":1,"minecraft:tropical_fish":1,"minecraft:music_disc_ward":1,"minecraft:fire_coral_fan":2,"minecraft:cod":1,"minecraft:snowball":137,"minecraft:cobblestone":73,"minecraft:sponge":7,"minecraft:feather":2,"minecraft:jungle_log":13,"minecraft:salmon":2,"minecraft:andesite":3,"minecraft:birch_planks":1,"minecraft:ice":1,"minecraft:mushroom_stew":1,"minecraft:flint":1,"minecraft:oak_log":14,"minecraft:prismarine_bricks":25,"minecraft:paper":3,"minecraft:dirt":13,"minecraft:bone":5,"minecraft:iron_ingot":3,"minecraft:stone_pickaxe":2,"minecraft:iron_ore":15,"minecraft:prismarine":21,"minecraft:iron_sword":2,"minecraft:oak_slab":2,"minecraft:gravel":2,"minecraft:sand":22,"minecraft:dead_fire_coral_block":5,"minecraft:white_bed":1,"minecraft:spruce_log":14,"minecraft:gold_ore":3,"minecraft:dark_oak_log":9,"minecraft:dark_prismarine":13,"minecraft:sugar":3,"minecraft:diamond":3,"minecraft:writable_book":1,"minecraft:dead_bubble_coral_block":5,"minecraft:dead_brain_coral_block":7,"minecraft:blue_ice":1,"minecraft:granite":4,"minecraft:bone_meal":5,"minecraft:coal":10,"minecraft:ender_pearl":1}},"DataVersion":2584}