{"stats":{"minecraft:killed_by":{"minecraft:player":2},"minecraft:custom":{"minecraft:time_since_rest":10738,"minecraft:interact_with_furnace":13,"minecraft:sprint_one_cm":16052,"minecraft:damage_taken":816,"minecraft:walk_one_cm":34820,"minecraft:drop":43,"minecraft:damage_dealt":246,"minecraft:interact_with_crafting_table":8,"minecraft:fly_one_cm":18842,"minecraft:open_chest":28,"minecraft:crouch_one_cm":7512,"minecraft:play_one_minute":16438,"minecraft:deaths":2,"minecraft:sneak_time":3514,"minecraft:jump":134,"minecraft:time_since_death":10700,"minecraft:walk_on_water_one_cm":282,"minecraft:fall_one_cm":2999},"minecraft:dropped":{"minecraft:snowball":49,"minecraft:string":576},"minecraft:mined":{"minecraft:oak_slab":1,"minecraft:birch_log":1,"minecraft:snow_block":31,"minecraft:spruce_log":19,"minecraft:dark_oak_log":4,"minecraft:andesite":11,"minecraft:torch":1,"minecraft:granite":5,"minecraft:grass_block":21,"minecraft:chest":2,"minecraft:gravel":1,"minecraft:packed_ice":9,"minecraft:stone":14,"minecraft:diorite":7},"minecraft:used":{"minecraft:cooked_mutton":2,"minecraft:apple":1,"minecraft:birch_planks":1,"minecraft:stone_shovel":55,"minecraft:stone_pickaxe":15,"minecraft:iron_pickaxe":27,"minecraft:wooden_pickaxe":4,"minecraft:stone_axe":31,"minecraft:torch":2,"minecraft:wooden_sword":1,"minecraft:white_carpet":1,"minecraft:oak_slab":1,"minecraft:snowball":28},"minecraft:crafted":{"minecraft:oak_planks":12,"minecraft:stone_shovel":1,"minecraft:spruce_planks":40,"minecraft:stick":16,"minecraft:wooden_pickaxe":1,"minecraft:iron_ingot":8,"minecraft:iron_pickaxe":2,"minecraft:stone_pickaxe":1,"minecraft:bowl":4,"minecraft:iron_sword":1,"minecraft:stone_axe":1,"minecraft:cooked_mutton":2},"minecraft:picked_up":{"minecraft:dark_oak_sapling":2,"minecraft:oak_slab":2,"minecraft:andesite":3,"minecraft:birch_planks":1,"minecraft:flint":1,"minecraft:diorite":2,"minecraft:spruce_log":8,"minecraft:dirt":5,"minecraft:dark_oak_log":2,"minecraft:string":1358,"minecraft:white_carpet":1,"minecraft:arrow":2,"minecraft:blue_ice":1,"minecraft:chest":1,"minecraft:snowball":93,"minecraft:cobblestone":6}},"DataVersion":2584}