{"stats":{"minecraft:killed":{"minecraft:drowned":2},"minecraft:killed_by":{"minecraft:player":2},"minecraft:custom":{"minecraft:interact_with_furnace":13,"minecraft:mob_kills":2,"minecraft:interact_with_crafting_table":11,"minecraft:play_one_minute":28438,"minecraft:damage_dealt_resisted":150,"minecraft:time_since_death":22700,"minecraft:time_since_rest":22738,"minecraft:sprint_one_cm":28070,"minecraft:damage_taken":996,"minecraft:walk_one_cm":55374,"minecraft:drop":43,"minecraft:damage_dealt":592,"minecraft:fly_one_cm":29662,"minecraft:open_chest":44,"minecraft:crouch_one_cm":17199,"minecraft:deaths":2,"minecraft:sneak_time":9003,"minecraft:walk_under_water_one_cm":171,"minecraft:jump":237,"minecraft:walk_on_water_one_cm":1072,"minecraft:fall_one_cm":4311},"minecraft:dropped":{"minecraft:snowball":49,"minecraft:string":576},"minecraft:mined":{"minecraft:diamond_ore":1,"minecraft:dark_prismarine":13,"minecraft:oak_slab":1,"minecraft:dead_bubble_coral_block":1,"minecraft:snow_block":32,"minecraft:dark_oak_log":6,"minecraft:clay":5,"minecraft:torch":1,"minecraft:granite":11,"minecraft:sponge":3,"minecraft:grass_block":21,"minecraft:chest":5,"minecraft:bubble_coral_block":1,"minecraft:prismarine":24,"minecraft:tube_coral_block":4,"minecraft:diorite":16,"minecraft:prismarine_bricks":16,"minecraft:birch_log":1,"minecraft:iron_ore":3,"minecraft:spruce_log":22,"minecraft:andesite":11,"minecraft:coal_ore":5,"minecraft:gravel":1,"minecraft:sand":31,"minecraft:packed_ice":13,"minecraft:wet_sponge":1,"minecraft:stone":14,"minecraft:brain_coral_block":3,"minecraft:gold_ore":5,"minecraft:fire_coral_block":1,"minecraft:horn_coral_block":2},"minecraft:used":{"minecraft:cooked_mutton":2,"minecraft:birch_planks":1,"minecraft:stone_pickaxe":15,"minecraft:stone_shovel":88,"minecraft:wooden_pickaxe":4,"minecraft:iron_sword":8,"minecraft:torch":2,"minecraft:white_carpet":1,"minecraft:oak_slab":90,"minecraft:mushroom_stew":4,"minecraft:snowball":28,"minecraft:apple":1,"minecraft:iron_pickaxe":134,"minecraft:stone_axe":39,"minecraft:wooden_sword":1},"minecraft:crafted":{"minecraft:oak_slab":186,"minecraft:oak_planks":92,"minecraft:stone_shovel":1,"minecraft:spruce_planks":96,"minecraft:wooden_pickaxe":1,"minecraft:iron_sword":1,"minecraft:bowl":4,"minecraft:stone_axe":1,"minecraft:cooked_mutton":2,"minecraft:stick":16,"minecraft:iron_ingot":8,"minecraft:iron_pickaxe":2,"minecraft:stone_pickaxe":1},"minecraft:picked_up":{"minecraft:andesite":3,"minecraft:birch_planks":1,"minecraft:ice":1,"minecraft:flint":1,"minecraft:dead_horn_coral_block":1,"minecraft:dead_tube_coral_block":1,"minecraft:string":1358,"minecraft:dirt":5,"minecraft:white_carpet":1,"minecraft:bone":5,"minecraft:chest":2,"minecraft:dark_oak_sapling":3,"minecraft:oak_slab":2,"minecraft:dead_fire_coral_block":1,"minecraft:sand":3,"minecraft:diorite":3,"minecraft:spruce_log":14,"minecraft:gold_ore":2,"minecraft:dark_oak_log":4,"minecraft:dark_prismarine":2,"minecraft:arrow":2,"minecraft:diamond":1,"minecraft:dead_bubble_coral_block":1,"minecraft:dead_brain_coral_block":2,"minecraft:blue_ice":1,"minecraft:granite":2,"minecraft:bone_meal":5,"minecraft:coal":2,"minecraft:snowball":125,"minecraft:cobblestone":6}},"DataVersion":2584}