{"stats":{"minecraft:killed":{"minecraft:guardian":1,"minecraft:zombie":1,"minecraft:drowned":2},"minecraft:killed_by":{"minecraft:player":2,"minecraft:creeper":1},"minecraft:custom":{"minecraft:interact_with_furnace":15,"minecraft:mob_kills":4,"minecraft:interact_with_crafting_table":15,"minecraft:play_one_minute":40438,"minecraft:damage_dealt_resisted":150,"minecraft:time_since_death":5577,"minecraft:damage_resisted":30,"minecraft:time_since_rest":5609,"minecraft:sprint_one_cm":37591,"minecraft:damage_taken":1612,"minecraft:walk_one_cm":74779,"minecraft:drop":43,"minecraft:damage_dealt":1225,"minecraft:fly_one_cm":39258,"minecraft:open_chest":64,"minecraft:crouch_one_cm":21726,"minecraft:deaths":3,"minecraft:sneak_time":12250,"minecraft:walk_under_water_one_cm":171,"minecraft:jump":374,"minecraft:walk_on_water_one_cm":1509,"minecraft:fall_one_cm":6977},"minecraft:dropped":{"minecraft:snowball":49,"minecraft:string":576},"minecraft:mined":{"minecraft:diamond_ore":2,"minecraft:dark_prismarine":25,"minecraft:oak_slab":4,"minecraft:dead_bubble_coral_block":1,"minecraft:snow_block":33,"minecraft:dark_oak_log":9,"minecraft:sea_lantern":2,"minecraft:clay":6,"minecraft:torch":1,"minecraft:granite":11,"minecraft:sponge":3,"minecraft:grass_block":22,"minecraft:chest":7,"minecraft:bubble_coral_block":2,"minecraft:prismarine":53,"minecraft:tube_coral_block":5,"minecraft:diorite":21,"minecraft:prismarine_bricks":38,"minecraft:dead_fire_coral_block":1,"minecraft:birch_log":1,"minecraft:iron_ore":7,"minecraft:spruce_log":22,"minecraft:andesite":13,"minecraft:dead_brain_coral_block":1,"minecraft:oak_log":2,"minecraft:coal_ore":6,"minecraft:gravel":5,"minecraft:sand":32,"minecraft:dirt":1,"minecraft:packed_ice":13,"minecraft:wet_sponge":1,"minecraft:stone":16,"minecraft:brain_coral_block":7,"minecraft:gold_ore":8,"minecraft:fire_coral_block":2,"minecraft:horn_coral_block":3},"minecraft:used":{"minecraft:cooked_mutton":2,"minecraft:birch_planks":1,"minecraft:stone_pickaxe":26,"minecraft:stone_shovel":95,"minecraft:wooden_pickaxe":4,"minecraft:iron_sword":17,"minecraft:torch":2,"minecraft:white_carpet":1,"minecraft:oak_slab":90,"minecraft:mushroom_stew":10,"minecraft:snowball":28,"minecraft:apple":1,"minecraft:iron_pickaxe":220,"minecraft:stone_axe":50,"minecraft:wooden_sword":1,"minecraft:turtle_egg":1},"minecraft:crafted":{"minecraft:oak_slab":186,"minecraft:oak_planks":100,"minecraft:stone_shovel":2,"minecraft:spruce_planks":96,"minecraft:wooden_pickaxe":1,"minecraft:iron_sword":1,"minecraft:bowl":4,"minecraft:stone_axe":2,"minecraft:cooked_mutton":2,"minecraft:shield":1,"minecraft:iron_axe":1,"minecraft:stick":24,"minecraft:iron_ingot":9,"minecraft:iron_pickaxe":3,"minecraft:stone_pickaxe":1,"minecraft:dark_oak_planks":8},"minecraft:picked_up":{"minecraft:prismarine_shard":2,"minecraft:andesite":3,"minecraft:birch_planks":1,"minecraft:ice":1,"minecraft:flint":1,"minecraft:prismarine_bricks":7,"minecraft:dead_horn_coral_block":1,"minecraft:dead_tube_coral_block":2,"minecraft:string":1358,"minecraft:dirt":5,"minecraft:white_carpet":1,"minecraft:bone":5,"minecraft:iron_ore":1,"minecraft:chest":2,"minecraft:dark_oak_sapling":3,"minecraft:oak_slab":2,"minecraft:gravel":1,"minecraft:dead_fire_coral_block":2,"minecraft:sand":3,"minecraft:diorite":5,"minecraft:spruce_log":14,"minecraft:gold_ore":3,"minecraft:dark_oak_log":6,"minecraft:dark_prismarine":2,"minecraft:rotten_flesh":2,"minecraft:arrow":2,"minecraft:diamond":2,"minecraft:dead_bubble_coral_block":2,"minecraft:dead_brain_coral_block":4,"minecraft:blue_ice":1,"minecraft:granite":2,"minecraft:bone_meal":5,"minecraft:cod":1,"minecraft:coal":2,"minecraft:snowball":125,"minecraft:cobblestone":6}},"DataVersion":2584}