{"stats":{"minecraft:killed":{"minecraft:spider":3,"minecraft:creeper":3,"minecraft:zombie":1},"minecraft:killed_by":{"minecraft:player":5,"minecraft:stray":2,"minecraft:creeper":2,"minecraft:zombie":1},"minecraft:custom":{"minecraft:interact_with_furnace":13,"minecraft:mob_kills":9,"minecraft:interact_with_crafting_table":30,"minecraft:play_one_minute":143389,"minecraft:leave_game":2,"minecraft:time_since_death":27916,"minecraft:sleep_in_bed":2,"minecraft:damage_resisted":30,"minecraft:time_since_rest":17557,"minecraft:sprint_one_cm":106705,"minecraft:damage_taken":4859,"minecraft:walk_one_cm":489224,"minecraft:drop":18,"minecraft:damage_dealt":1837,"minecraft:fly_one_cm":59899,"minecraft:player_kills":1,"minecraft:open_chest":172,"minecraft:crouch_one_cm":57020,"minecraft:deaths":17,"minecraft:sneak_time":15022,"minecraft:walk_under_water_one_cm":24533,"minecraft:jump":793,"minecraft:walk_on_water_one_cm":13879,"minecraft:fall_one_cm":10549},"minecraft:dropped":{"minecraft:stone_axe":1,"minecraft:oak_slab":12,"minecraft:oak_planks":1,"minecraft:dirt":11,"minecraft:bone_meal":46,"minecraft:pumpkin":1,"minecraft:bow":1,"minecraft:stone_pickaxe":1},"minecraft:mined":{"minecraft:oak_slab":45,"minecraft:oak_fence":2,"minecraft:crafting_table":1,"minecraft:torch":8,"minecraft:granite":2,"minecraft:grass_block":3,"minecraft:chest":4,"minecraft:birch_slab":2,"minecraft:oak_planks":20,"minecraft:diorite":3,"minecraft:wall_torch":2,"minecraft:birch_planks":12,"minecraft:spruce_sapling":1,"minecraft:birch_log":4,"minecraft:white_carpet":10,"minecraft:spruce_log":1,"minecraft:andesite":2,"minecraft:coal_ore":1,"minecraft:oak_log":27,"minecraft:gravel":14,"minecraft:dirt":94,"minecraft:tripwire_hook":2,"minecraft:stone":3,"minecraft:white_wool":9,"minecraft:oak_leaves":7,"minecraft:tripwire":5},"minecraft:used":{"minecraft:oak_fence":2,"minecraft:diorite":21,"minecraft:stone_sword":2,"minecraft:iron_shovel":80,"minecraft:birch_planks":11,"minecraft:stone_shovel":3,"minecraft:stone_pickaxe":23,"minecraft:oak_planks":48,"minecraft:chest":12,"minecraft:wooden_pickaxe":1,"minecraft:wooden_shovel":5,"minecraft:white_wool":285,"minecraft:torch":13,"minecraft:dirt":103,"minecraft:white_carpet":235,"minecraft:oak_slab":69,"minecraft:crafting_table":7,"minecraft:white_bed":1,"minecraft:snowball":40,"minecraft:granite":21,"minecraft:apple":2,"minecraft:melon_slice":6,"minecraft:grass_block":1,"minecraft:birch_slab":4,"minecraft:string":35,"minecraft:spruce_sapling":1,"minecraft:gravel":11,"minecraft:stone_axe":134,"minecraft:tripwire_hook":1,"minecraft:cobblestone":4,"minecraft:bow":16,"minecraft:oak_sapling":2,"minecraft:andesite":27},"minecraft:crafted":{"minecraft:oak_slab":78,"minecraft:oak_planks":76,"minecraft:stone_shovel":1,"minecraft:crafting_table":6,"minecraft:spruce_planks":4,"minecraft:wooden_pickaxe":1,"minecraft:birch_slab":66,"minecraft:bone_meal":39,"minecraft:birch_planks":44,"minecraft:stone_axe":3,"minecraft:white_carpet":231,"minecraft:air":0,"minecraft:white_wool":469,"minecraft:bow":2,"minecraft:stick":40,"minecraft:iron_ingot":1,"minecraft:stone_pickaxe":2,"minecraft:stone_sword":1,"minecraft:iron_shovel":1,"minecraft:white_bed":1,"minecraft:torch":8,"minecraft:dark_oak_planks":12},"minecraft:picked_up":{"minecraft:birch_log":5,"minecraft:crafting_table":1,"minecraft:feather":2,"minecraft:birch_slab":6,"minecraft:clay_ball":36,"minecraft:tripwire_hook":1,"minecraft:andesite":12,"minecraft:brown_mushroom":2,"minecraft:birch_planks":15,"minecraft:flint":3,"minecraft:oak_log":38,"minecraft:gunpowder":6,"minecraft:dirt":114,"minecraft:string":2070,"minecraft:white_carpet":12,"minecraft:bone":10,"minecraft:apple":1,"minecraft:stone_pickaxe":4,"minecraft:iron_ore":4,"minecraft:melon_slice":10,"minecraft:chest":14,"minecraft:oak_planks":72,"minecraft:tipped_arrow":3,"minecraft:oak_slab":42,"minecraft:stick":14,"minecraft:pumpkin":4,"minecraft:oak_fence":2,"minecraft:torch":17,"minecraft:bowl":2,"minecraft:gravel":22,"minecraft:spruce_sapling":4,"minecraft:diorite":17,"minecraft:spruce_log":2,"minecraft:dark_oak_log":4,"minecraft:arrow":9,"minecraft:rotten_flesh":14,"minecraft:stone_axe":2,"minecraft:granite":8,"minecraft:oak_sapling":2,"minecraft:coal":12,"minecraft:white_wool":42,"minecraft:cobblestone":45}},"DataVersion":2584}