{"stats":{"minecraft:killed_by":{"minecraft:stray":1,"minecraft:zombie":2},"minecraft:killed":{"minecraft:wolf":2,"minecraft:rabbit":2,"minecraft:spider":3,"minecraft:polar_bear":1,"minecraft:zombie":4,"minecraft:fox":2,"minecraft:stray":7},"minecraft:custom":{"minecraft:interact_with_furnace":20,"minecraft:mob_kills":21,"minecraft:interact_with_crafting_table":49,"minecraft:play_one_minute":140244,"minecraft:damage_dealt_resisted":7,"minecraft:leave_game":1,"minecraft:time_since_death":24522,"minecraft:sleep_in_bed":2,"minecraft:damage_resisted":25,"minecraft:time_since_rest":24547,"minecraft:sprint_one_cm":156313,"minecraft:damage_taken":4695,"minecraft:walk_one_cm":346398,"minecraft:drop":11,"minecraft:damage_dealt":5361,"minecraft:player_kills":4,"minecraft:swim_one_cm":1644,"minecraft:fly_one_cm":218447,"minecraft:open_chest":146,"minecraft:crouch_one_cm":94897,"minecraft:deaths":12,"minecraft:sneak_time":28064,"minecraft:walk_under_water_one_cm":16327,"minecraft:jump":1621,"minecraft:walk_on_water_one_cm":41274,"minecraft:fall_one_cm":28462},"minecraft:dropped":{"minecraft:bowl":3,"minecraft:birch_sapling":1,"minecraft:oak_planks":15,"minecraft:birch_slab":2,"minecraft:dark_oak_log":3,"minecraft:oak_sapling":2,"minecraft:stone_pickaxe":1},"minecraft:mined":{"minecraft:podzol":1,"minecraft:oak_slab":54,"minecraft:white_bed":2,"minecraft:oak_sapling":2,"minecraft:kelp_plant":1,"minecraft:snow_block":19,"minecraft:dark_oak_log":8,"minecraft:oak_fence":8,"minecraft:clay":2,"minecraft:torch":2,"minecraft:granite":13,"minecraft:grass_block":72,"minecraft:chest":9,"minecraft:cobblestone":2,"minecraft:birch_slab":14,"minecraft:oak_planks":47,"minecraft:diorite":14,"minecraft:birch_planks":33,"minecraft:spruce_sapling":2,"minecraft:birch_log":6,"minecraft:iron_ore":15,"minecraft:spruce_log":11,"minecraft:andesite":19,"minecraft:coal_ore":9,"minecraft:oak_log":70,"minecraft:gravel":21,"minecraft:dirt":54,"minecraft:stripped_oak_log":1,"minecraft:packed_ice":4,"minecraft:tripwire_hook":4,"minecraft:stone":54,"minecraft:gold_ore":3,"minecraft:white_wool":1,"minecraft:oak_leaves":298,"minecraft:tripwire":1,"minecraft:birch_fence":2},"minecraft:used":{"minecraft:diorite":2,"minecraft:stone_sword":90,"minecraft:oak_fence":29,"minecraft:water_bucket":22,"minecraft:birch_planks":27,"minecraft:stone_shovel":127,"minecraft:stone_pickaxe":59,"minecraft:oak_planks":70,"minecraft:chest":4,"minecraft:wooden_pickaxe":12,"minecraft:white_wool":37,"minecraft:torch":8,"minecraft:dirt":80,"minecraft:oak_slab":370,"minecraft:crafting_table":3,"minecraft:mushroom_stew":31,"minecraft:white_bed":1,"minecraft:granite":4,"minecraft:shears":1,"minecraft:birch_fence":14,"minecraft:lever":1,"minecraft:dark_oak_log":2,"minecraft:birch_slab":59,"minecraft:string":3,"minecraft:iron_pickaxe":67,"minecraft:gravel":12,"minecraft:stone_axe":244,"minecraft:tripwire_hook":7,"minecraft:oak_sapling":23,"minecraft:bucket":22,"minecraft:kelp":1,"minecraft:bone_meal":13,"minecraft:oak_trapdoor":2},"minecraft:broken":{"minecraft:stone_axe":1},"minecraft:crafted":{"minecraft:oak_slab":312,"minecraft:oak_planks":252,"minecraft:stone_shovel":1,"minecraft:tripwire_hook":2,"minecraft:crafting_table":1,"minecraft:wooden_pickaxe":1,"minecraft:bowl":4,"minecraft:birch_slab":36,"minecraft:bone_meal":12,"minecraft:lever":1,"minecraft:birch_planks":48,"minecraft:stone_axe":2,"minecraft:air":0,"minecraft:oak_trapdoor":2,"minecraft:white_wool":85,"minecraft:birch_fence":12,"minecraft:stick":48,"minecraft:iron_ingot":16,"minecraft:iron_pickaxe":1,"minecraft:stone_pickaxe":1,"minecraft:stone_sword":1,"minecraft:white_bed":1,"minecraft:torch":20,"minecraft:stone_hoe":1,"minecraft:oak_fence":21,"minecraft:shears":1},"minecraft:picked_up":{"minecraft:birch_log":13,"minecraft:stripped_oak_log":2,"minecraft:crafting_table":2,"minecraft:chicken":1,"minecraft:clay_ball":72,"minecraft:tripwire_hook":5,"minecraft:birch_slab":18,"minecraft:andesite":30,"minecraft:leather":2,"minecraft:birch_planks":53,"minecraft:oak_log":79,"minecraft:gunpowder":2,"minecraft:string":348,"minecraft:dirt":215,"minecraft:white_carpet":2,"minecraft:bone":10,"minecraft:birch_fence":2,"minecraft:apple":11,"minecraft:kelp":3,"minecraft:bow":1,"minecraft:rabbit_hide":1,"minecraft:iron_ore":19,"minecraft:rabbit":1,"minecraft:melon_slice":14,"minecraft:chest":14,"minecraft:birch_sapling":2,"minecraft:oak_planks":70,"minecraft:tipped_arrow":3,"minecraft:oak_slab":67,"minecraft:stick":18,"minecraft:pumpkin":2,"minecraft:oak_fence":10,"minecraft:torch":3,"minecraft:bowl":1,"minecraft:gravel":54,"minecraft:spruce_sapling":2,"minecraft:diorite":20,"minecraft:white_bed":2,"minecraft:spruce_log":19,"minecraft:gold_ore":3,"minecraft:dark_oak_log":13,"minecraft:spider_eye":1,"minecraft:arrow":7,"minecraft:rotten_flesh":1,"minecraft:granite":20,"minecraft:bone_meal":49,"minecraft:gold_ingot":2,"minecraft:oak_sapling":40,"minecraft:coal":20,"minecraft:snowball":130,"minecraft:white_wool":3,"minecraft:cobblestone":79}},"DataVersion":2584}