{"stats":{"minecraft:killed_by":{"minecraft:stray":1,"minecraft:zombie":2},"minecraft:killed":{"minecraft:spider":3,"minecraft:fox":2,"minecraft:wolf":2,"minecraft:rabbit":2,"minecraft:polar_bear":1,"minecraft:zombie":4,"minecraft:stray":7,"minecraft:enderman":1},"minecraft:custom":{"minecraft:mob_kills":22,"minecraft:interact_with_crafting_table":51,"minecraft:damage_dealt_resisted":137,"minecraft:leave_game":1,"minecraft:time_since_death":36522,"minecraft:damage_resisted":25,"minecraft:sprint_one_cm":171526,"minecraft:walk_one_cm":386570,"minecraft:drop":11,"minecraft:deaths":12,"minecraft:sneak_time":29078,"minecraft:walk_under_water_one_cm":16327,"minecraft:jump":1747,"minecraft:walk_on_water_one_cm":41274,"minecraft:interact_with_furnace":20,"minecraft:play_one_minute":152244,"minecraft:sleep_in_bed":2,"minecraft:time_since_rest":36547,"minecraft:damage_taken":4695,"minecraft:damage_dealt":5885,"minecraft:swim_one_cm":1644,"minecraft:fly_one_cm":229535,"minecraft:player_kills":4,"minecraft:open_chest":205,"minecraft:crouch_one_cm":100180,"minecraft:fall_one_cm":29890},"minecraft:dropped":{"minecraft:birch_slab":2,"minecraft:dark_oak_log":3,"minecraft:bowl":3,"minecraft:birch_sapling":1,"minecraft:oak_planks":15,"minecraft:oak_sapling":2,"minecraft:stone_pickaxe":1},"minecraft:mined":{"minecraft:white_bed":2,"minecraft:oak_sapling":2,"minecraft:dark_oak_log":8,"minecraft:granite":13,"minecraft:grass_block":72,"minecraft:birch_slab":14,"minecraft:spruce_sapling":2,"minecraft:iron_ore":15,"minecraft:andesite":19,"minecraft:packed_ice":4,"minecraft:stripped_oak_log":1,"minecraft:stone":54,"minecraft:white_wool":1,"minecraft:tripwire":3,"minecraft:podzol":1,"minecraft:oak_slab":54,"minecraft:kelp_plant":1,"minecraft:snow_block":19,"minecraft:oak_fence":18,"minecraft:clay":2,"minecraft:torch":5,"minecraft:chest":9,"minecraft:cobblestone":2,"minecraft:prismarine":2,"minecraft:oak_planks":47,"minecraft:diorite":14,"minecraft:birch_planks":33,"minecraft:birch_log":6,"minecraft:spruce_log":11,"minecraft:oak_log":70,"minecraft:coal_ore":9,"minecraft:gravel":21,"minecraft:sand":13,"minecraft:dirt":59,"minecraft:tripwire_hook":4,"minecraft:gold_ore":3,"minecraft:oak_leaves":298,"minecraft:birch_fence":2},"minecraft:used":{"minecraft:oak_trapdoor":2,"minecraft:oak_fence":39,"minecraft:stone_sword":102,"minecraft:stone_shovel":140,"minecraft:chest":4,"minecraft:torch":13,"minecraft:dirt":121,"minecraft:granite":4,"minecraft:tripwire_hook":7,"minecraft:oak_sapling":23,"minecraft:water_bucket":23,"minecraft:diorite":2,"minecraft:birch_planks":27,"minecraft:stone_pickaxe":59,"minecraft:oak_planks":70,"minecraft:wooden_pickaxe":12,"minecraft:white_wool":93,"minecraft:oak_slab":370,"minecraft:crafting_table":3,"minecraft:mushroom_stew":32,"minecraft:white_bed":1,"minecraft:shears":1,"minecraft:birch_fence":14,"minecraft:lever":1,"minecraft:dark_oak_log":2,"minecraft:birch_slab":59,"minecraft:string":3,"minecraft:iron_pickaxe":69,"minecraft:gravel":12,"minecraft:stone_axe":254,"minecraft:bucket":23,"minecraft:kelp":1,"minecraft:bone_meal":13},"minecraft:broken":{"minecraft:stone_axe":1},"minecraft:crafted":{"minecraft:oak_planks":296,"minecraft:stone_shovel":1,"minecraft:tripwire_hook":2,"minecraft:birch_slab":36,"minecraft:lever":1,"minecraft:bone_meal":12,"minecraft:oak_trapdoor":2,"minecraft:stone_pickaxe":1,"minecraft:stone_hoe":1,"minecraft:oak_fence":48,"minecraft:oak_slab":312,"minecraft:crafting_table":1,"minecraft:wooden_pickaxe":1,"minecraft:bowl":4,"minecraft:birch_planks":48,"minecraft:stone_axe":2,"minecraft:air":0,"minecraft:white_wool":320,"minecraft:iron_pickaxe":1,"minecraft:birch_fence":12,"minecraft:stick":60,"minecraft:iron_ingot":16,"minecraft:stone_sword":1,"minecraft:white_bed":1,"minecraft:torch":20,"minecraft:shears":1},"minecraft:picked_up":{"minecraft:crafting_table":2,"minecraft:chicken":1,"minecraft:clay_ball":92,"minecraft:dead_horn_coral_block":1,"minecraft:fire_coral":1,"minecraft:string":348,"minecraft:dead_tube_coral_block":3,"minecraft:white_carpet":2,"minecraft:birch_fence":2,"minecraft:melon_slice":14,"minecraft:chest":16,"minecraft:birch_sapling":2,"minecraft:tipped_arrow":3,"minecraft:stick":18,"minecraft:oak_fence":20,"minecraft:torch":6,"minecraft:bowl":1,"minecraft:diorite":27,"minecraft:arrow":7,"minecraft:horn_coral_fan":1,"minecraft:rotten_flesh":4,"minecraft:gold_ingot":2,"minecraft:wet_sponge":1,"minecraft:snowball":134,"minecraft:white_wool":3,"minecraft:cobblestone":79,"minecraft:sponge":3,"minecraft:stripped_oak_log":2,"minecraft:birch_log":13,"minecraft:birch_slab":18,"minecraft:tripwire_hook":5,"minecraft:andesite":30,"minecraft:leather":2,"minecraft:birch_planks":53,"minecraft:prismarine_bricks":16,"minecraft:oak_log":79,"minecraft:horn_coral":1,"minecraft:gunpowder":2,"minecraft:dirt":220,"minecraft:bone":10,"minecraft:apple":11,"minecraft:kelp":3,"minecraft:bow":1,"minecraft:rabbit_hide":1,"minecraft:iron_ore":22,"minecraft:rabbit":1,"minecraft:prismarine":26,"minecraft:oak_planks":70,"minecraft:oak_slab":67,"minecraft:pumpkin":2,"minecraft:gravel":54,"minecraft:sand":41,"minecraft:spruce_sapling":2,"minecraft:ink_sac":2,"minecraft:white_bed":2,"minecraft:spruce_log":22,"minecraft:gold_ore":6,"minecraft:spider_eye":1,"minecraft:dark_oak_log":15,"minecraft:dark_prismarine":4,"minecraft:dead_bubble_coral_block":1,"minecraft:dead_brain_coral_block":1,"minecraft:granite":25,"minecraft:bone_meal":53,"minecraft:oak_sapling":40,"minecraft:coal":23,"minecraft:ender_pearl":1}},"DataVersion":2584}