{"stats":{"minecraft:killed_by":{"minecraft:stray":1,"minecraft:creeper":1,"minecraft:zombie":2},"minecraft:killed":{"minecraft:vex":1,"minecraft:spider":4,"minecraft:fox":2,"minecraft:drowned":3,"minecraft:ocelot":3,"minecraft:wolf":2,"minecraft:parrot":1,"minecraft:rabbit":2,"minecraft:polar_bear":1,"minecraft:zombie":7,"minecraft:stray":7,"minecraft:enderman":2},"minecraft:custom":{"minecraft:mob_kills":36,"minecraft:interact_with_crafting_table":53,"minecraft:damage_dealt_resisted":261,"minecraft:leave_game":1,"minecraft:time_since_death":11906,"minecraft:damage_resisted":25,"minecraft:sprint_one_cm":233837,"minecraft:walk_one_cm":497106,"minecraft:drop":13,"minecraft:deaths":14,"minecraft:sneak_time":33550,"minecraft:walk_under_water_one_cm":16327,"minecraft:jump":2526,"minecraft:walk_on_water_one_cm":41847,"minecraft:interact_with_furnace":29,"minecraft:play_one_minute":200244,"minecraft:sleep_in_bed":6,"minecraft:time_since_rest":3450,"minecraft:damage_taken":5965,"minecraft:damage_dealt":7863,"minecraft:swim_one_cm":1644,"minecraft:fly_one_cm":312359,"minecraft:player_kills":4,"minecraft:open_chest":459,"minecraft:crouch_one_cm":111293,"minecraft:fall_one_cm":45951},"minecraft:dropped":{"minecraft:birch_slab":2,"minecraft:dark_oak_log":3,"minecraft:bucket":1,"minecraft:bowl":3,"minecraft:birch_sapling":1,"minecraft:oak_planks":15,"minecraft:oak_sapling":2,"minecraft:stone_pickaxe":1,"minecraft:written_book":1},"minecraft:mined":{"minecraft:dark_prismarine":4,"minecraft:white_bed":4,"minecraft:oak_sapling":2,"minecraft:mossy_cobblestone":2,"minecraft:dark_oak_log":9,"minecraft:sea_lantern":1,"minecraft:granite":14,"minecraft:grass_block":78,"minecraft:birch_slab":14,"minecraft:spruce_sapling":2,"minecraft:iron_ore":17,"minecraft:andesite":19,"minecraft:packed_ice":4,"minecraft:stripped_oak_log":1,"minecraft:stone":56,"minecraft:white_wool":6,"minecraft:tripwire":12,"minecraft:podzol":1,"minecraft:oak_slab":55,"minecraft:kelp_plant":1,"minecraft:snow_block":19,"minecraft:oak_fence":18,"minecraft:clay":2,"minecraft:torch":8,"minecraft:chest":35,"minecraft:cobblestone":45,"minecraft:prismarine":2,"minecraft:oak_planks":47,"minecraft:diorite":14,"minecraft:birch_planks":33,"minecraft:birch_log":6,"minecraft:white_carpet":5,"minecraft:spruce_log":11,"minecraft:oak_log":70,"minecraft:coal_ore":9,"minecraft:gravel":21,"minecraft:sand":13,"minecraft:dirt":64,"minecraft:tripwire_hook":4,"minecraft:gold_ore":3,"minecraft:oak_leaves":298,"minecraft:birch_fence":3},"minecraft:used":{"minecraft:oak_trapdoor":2,"minecraft:oak_fence":40,"minecraft:stone_sword":147,"minecraft:stone_shovel":147,"minecraft:chest":31,"minecraft:torch":17,"minecraft:dirt":127,"minecraft:white_carpet":17,"minecraft:cod_bucket":1,"minecraft:salmon_bucket":2,"minecraft:granite":4,"minecraft:milk_bucket":1,"minecraft:tripwire_hook":7,"minecraft:written_book":3,"minecraft:oak_sapling":23,"minecraft:water_bucket":30,"minecraft:diorite":2,"minecraft:birch_planks":27,"minecraft:stone_pickaxe":97,"minecraft:oak_planks":70,"minecraft:wooden_pickaxe":12,"minecraft:white_wool":133,"minecraft:oak_slab":381,"minecraft:crafting_table":3,"minecraft:mushroom_stew":46,"minecraft:white_bed":5,"minecraft:shears":1,"minecraft:birch_fence":14,"minecraft:lever":1,"minecraft:dark_oak_log":2,"minecraft:birch_slab":59,"minecraft:string":3,"minecraft:iron_pickaxe":87,"minecraft:gravel":12,"minecraft:stone_axe":288,"minecraft:bucket":35,"minecraft:tropical_fish_bucket":2,"minecraft:kelp":1,"minecraft:bone_meal":13},"minecraft:broken":{"minecraft:stone_axe":1},"minecraft:crafted":{"minecraft:oak_planks":296,"minecraft:stone_shovel":2,"minecraft:tripwire_hook":2,"minecraft:birch_slab":36,"minecraft:lever":1,"minecraft:bone_meal":12,"minecraft:white_carpet":30,"minecraft:oak_trapdoor":2,"minecraft:stone_pickaxe":2,"minecraft:stone_hoe":1,"minecraft:oak_fence":48,"minecraft:oak_slab":312,"minecraft:crafting_table":1,"minecraft:wooden_pickaxe":1,"minecraft:bowl":4,"minecraft:birch_planks":48,"minecraft:stone_axe":3,"minecraft:air":0,"minecraft:white_wool":320,"minecraft:iron_pickaxe":1,"minecraft:birch_fence":12,"minecraft:stick":60,"minecraft:iron_ingot":31,"minecraft:stone_sword":2,"minecraft:white_bed":1,"minecraft:torch":20,"minecraft:shears":1},"minecraft:picked_up":{"minecraft:seagrass":5,"minecraft:crafting_table":2,"minecraft:bubble_coral_fan":1,"minecraft:prismarine_shard":2,"minecraft:chicken":2,"minecraft:clay_ball":236,"minecraft:brown_mushroom":1,"minecraft:wooden_pickaxe":1,"minecraft:dead_horn_coral_block":7,"minecraft:fire_coral":1,"minecraft:cod_bucket":1,"minecraft:string":356,"minecraft:dead_tube_coral_block":7,"minecraft:wooden_sword":1,"minecraft:white_carpet":17,"minecraft:iron_shovel":1,"minecraft:pufferfish":2,"minecraft:birch_fence":3,"minecraft:sea_pickle":2,"minecraft:bucket":1,"minecraft:bubble_coral":5,"minecraft:written_book":2,"minecraft:melon_slice":14,"minecraft:chest":49,"minecraft:birch_sapling":2,"minecraft:tipped_arrow":7,"minecraft:dark_oak_sapling":5,"minecraft:stick":18,"minecraft:oak_fence":47,"minecraft:torch":11,"minecraft:bowl":1,"minecraft:dried_kelp":1,"minecraft:diorite":57,"minecraft:vine":3,"minecraft:prismarine_crystals":19,"minecraft:tube_coral":2,"minecraft:arrow":10,"minecraft:horn_coral_fan":3,"minecraft:rotten_flesh":14,"minecraft:salmon_bucket":1,"minecraft:tropical_fish":1,"minecraft:tube_coral_fan":2,"minecraft:gold_ingot":2,"minecraft:fire_coral_fan":1,"minecraft:cod":2,"minecraft:wet_sponge":1,"minecraft:snowball":138,"minecraft:white_wool":135,"minecraft:cobblestone":208,"minecraft:sponge":5,"minecraft:stripped_oak_log":2,"minecraft:birch_log":13,"minecraft:feather":11,"minecraft:jungle_log":15,"minecraft:birch_slab":18,"minecraft:tripwire_hook":5,"minecraft:andesite":54,"minecraft:leather":23,"minecraft:red_mushroom":4,"minecraft:potato":1,"minecraft:birch_planks":53,"minecraft:mushroom_stew":3,"minecraft:lily_pad":2,"minecraft:prismarine_bricks":36,"minecraft:oak_log":84,"minecraft:horn_coral":2,"minecraft:gunpowder":12,"minecraft:dirt":276,"minecraft:bone":20,"minecraft:apple":20,"minecraft:kelp":11,"minecraft:bow":1,"minecraft:rabbit_hide":2,"minecraft:iron_ore":32,"minecraft:rabbit":2,"minecraft:prismarine":79,"minecraft:oak_planks":70,"minecraft:brain_coral":1,"minecraft:oak_slab":68,"minecraft:pumpkin":11,"minecraft:gravel":111,"minecraft:dead_fire_coral_block":8,"minecraft:sand":74,"minecraft:spruce_sapling":3,"minecraft:ink_sac":2,"minecraft:white_bed":6,"minecraft:spruce_log":23,"minecraft:gold_ore":14,"minecraft:spider_eye":3,"minecraft:dark_oak_log":25,"minecraft:mossy_cobblestone":3,"minecraft:dark_prismarine":45,"minecraft:pumpkin_seeds":1,"minecraft:stone_axe":1,"minecraft:dead_bubble_coral_block":5,"minecraft:dead_brain_coral_block":11,"minecraft:granite":45,"minecraft:bone_meal":109,"minecraft:oak_sapling":56,"minecraft:coal":36,"minecraft:ender_pearl":1}},"DataVersion":2584}