{"stats":{"minecraft:killed_by":{"minecraft:stray":1,"minecraft:creeper":1,"minecraft:zombie":2},"minecraft:killed":{"minecraft:vex":1,"minecraft:witch":1,"minecraft:spider":7,"minecraft:fox":2,"minecraft:drowned":3,"minecraft:ocelot":3,"minecraft:wolf":2,"minecraft:parrot":1,"minecraft:rabbit":2,"minecraft:creeper":1,"minecraft:polar_bear":1,"minecraft:zombie":7,"minecraft:stray":7,"minecraft:enderman":3},"minecraft:custom":{"minecraft:mob_kills":42,"minecraft:interact_with_crafting_table":62,"minecraft:damage_dealt_resisted":261,"minecraft:leave_game":3,"minecraft:time_since_death":59695,"minecraft:damage_resisted":25,"minecraft:sprint_one_cm":297511,"minecraft:walk_one_cm":568602,"minecraft:drop":27,"minecraft:sneak_time":38848,"minecraft:deaths":14,"minecraft:walk_under_water_one_cm":16327,"minecraft:jump":2911,"minecraft:walk_on_water_one_cm":41937,"minecraft:interact_with_furnace":30,"minecraft:play_one_minute":248033,"minecraft:sleep_in_bed":8,"minecraft:time_since_rest":22366,"minecraft:damage_taken":6395,"minecraft:damage_dealt":9130,"minecraft:player_kills":4,"minecraft:swim_one_cm":1644,"minecraft:fly_one_cm":360238,"minecraft:open_chest":556,"minecraft:crouch_one_cm":135489,"minecraft:fall_one_cm":53289},"minecraft:mined":{"minecraft:dark_prismarine":5,"minecraft:white_bed":4,"minecraft:oak_sapling":2,"minecraft:mossy_cobblestone":2,"minecraft:dark_oak_log":9,"minecraft:sea_lantern":2,"minecraft:granite":14,"minecraft:grass_block":85,"minecraft:jungle_log":8,"minecraft:birch_slab":14,"minecraft:spruce_sapling":2,"minecraft:iron_ore":18,"minecraft:andesite":19,"minecraft:stripped_oak_log":1,"minecraft:packed_ice":4,"minecraft:stone":56,"minecraft:fire_coral_block":1,"minecraft:white_wool":6,"minecraft:tripwire":12,"minecraft:podzol":1,"minecraft:oak_slab":58,"minecraft:kelp_plant":1,"minecraft:snow_block":19,"minecraft:oak_fence":21,"minecraft:clay":2,"minecraft:torch":9,"minecraft:melon":1,"minecraft:chest":35,"minecraft:cobblestone":47,"minecraft:prismarine":3,"minecraft:oak_planks":47,"minecraft:diorite":14,"minecraft:birch_planks":33,"minecraft:birch_log":6,"minecraft:white_carpet":5,"minecraft:spruce_log":11,"minecraft:oak_log":98,"minecraft:coal_ore":10,"minecraft:sand":13,"minecraft:gravel":24,"minecraft:dirt":65,"minecraft:tripwire_hook":4,"minecraft:gold_ore":4,"minecraft:oak_leaves":350,"minecraft:birch_fence":4},"minecraft:dropped":{"minecraft:iron_ingot":3,"minecraft:iron_sword":2,"minecraft:mushroom_stew":1,"minecraft:birch_slab":2,"minecraft:dark_oak_log":3,"minecraft:iron_axe":1,"minecraft:iron_shovel":2,"minecraft:bucket":1,"minecraft:bowl":3,"minecraft:birch_sapling":1,"minecraft:oak_planks":22,"minecraft:shield":2,"minecraft:oak_sapling":2,"minecraft:stone_pickaxe":3,"minecraft:written_book":1},"minecraft:used":{"minecraft:oak_trapdoor":2,"minecraft:oak_fence":74,"minecraft:stone_sword":171,"minecraft:stone_shovel":158,"minecraft:chest":31,"minecraft:torch":34,"minecraft:dirt":127,"minecraft:white_carpet":17,"minecraft:cod_bucket":1,"minecraft:salmon_bucket":2,"minecraft:granite":4,"minecraft:snowball":1,"minecraft:milk_bucket":1,"minecraft:tripwire_hook":7,"minecraft:written_book":3,"minecraft:oak_sapling":29,"minecraft:water_bucket":30,"minecraft:diorite":2,"minecraft:birch_planks":27,"minecraft:stone_pickaxe":105,"minecraft:oak_planks":70,"minecraft:wooden_pickaxe":12,"minecraft:white_wool":134,"minecraft:oak_slab":640,"minecraft:crafting_table":3,"minecraft:mushroom_stew":55,"minecraft:white_bed":5,"minecraft:shears":1,"minecraft:birch_fence":14,"minecraft:lever":1,"minecraft:dark_oak_log":2,"minecraft:birch_slab":59,"minecraft:string":3,"minecraft:iron_pickaxe":88,"minecraft:gravel":12,"minecraft:stone_axe":337,"minecraft:bucket":35,"minecraft:kelp":1,"minecraft:tropical_fish_bucket":2,"minecraft:bone_meal":13},"minecraft:broken":{"minecraft:stone_axe":1},"minecraft:crafted":{"minecraft:oak_planks":396,"minecraft:stone_shovel":2,"minecraft:tripwire_hook":2,"minecraft:birch_slab":36,"minecraft:lever":1,"minecraft:bone_meal":12,"minecraft:white_carpet":30,"minecraft:oak_trapdoor":2,"minecraft:stone_pickaxe":2,"minecraft:stone_hoe":1,"minecraft:oak_fence":54,"minecraft:oak_slab":510,"minecraft:crafting_table":1,"minecraft:wooden_pickaxe":1,"minecraft:bowl":4,"minecraft:birch_planks":48,"minecraft:stone_axe":3,"minecraft:air":0,"minecraft:white_wool":320,"minecraft:birch_fence":12,"minecraft:stick":72,"minecraft:iron_ingot":31,"minecraft:iron_pickaxe":2,"minecraft:stone_sword":2,"minecraft:white_bed":1,"minecraft:torch":36,"minecraft:shears":1},"minecraft:picked_up":{"minecraft:seagrass":5,"minecraft:crafting_table":2,"minecraft:bubble_coral_fan":1,"minecraft:chicken":2,"minecraft:clay_ball":236,"minecraft:prismarine_shard":2,"minecraft:brown_mushroom":1,"minecraft:wooden_pickaxe":1,"minecraft:dead_horn_coral_block":7,"minecraft:shield":2,"minecraft:fire_coral":1,"minecraft:cod_bucket":1,"minecraft:string":424,"minecraft:dead_tube_coral_block":7,"minecraft:iron_axe":1,"minecraft:wooden_sword":2,"minecraft:white_carpet":17,"minecraft:iron_shovel":2,"minecraft:pufferfish":2,"minecraft:birch_fence":3,"minecraft:sea_pickle":2,"minecraft:bucket":1,"minecraft:bubble_coral":5,"minecraft:written_book":2,"minecraft:melon_slice":20,"minecraft:chest":51,"minecraft:birch_sapling":2,"minecraft:tipped_arrow":7,"minecraft:dark_oak_sapling":5,"minecraft:stick":24,"minecraft:oak_fence":49,"minecraft:torch":13,"minecraft:bowl":1,"minecraft:dried_kelp":1,"minecraft:diorite":57,"minecraft:vine":3,"minecraft:redstone":2,"minecraft:prismarine_crystals":22,"minecraft:tube_coral":2,"minecraft:arrow":16,"minecraft:horn_coral_fan":3,"minecraft:rotten_flesh":34,"minecraft:tropical_fish":1,"minecraft:salmon_bucket":1,"minecraft:beetroot_seeds":1,"minecraft:tube_coral_fan":2,"minecraft:music_disc_ward":1,"minecraft:pink_tulip":3,"minecraft:gold_ingot":2,"minecraft:fire_coral_fan":1,"minecraft:wet_sponge":1,"minecraft:cod":2,"minecraft:snowball":174,"minecraft:white_wool":250,"minecraft:cobblestone":250,"minecraft:sponge":5,"minecraft:stripped_oak_log":2,"minecraft:birch_log":13,"minecraft:feather":11,"minecraft:andesite":54,"minecraft:tripwire_hook":5,"minecraft:birch_slab":18,"minecraft:jungle_log":38,"minecraft:cod_spawn_egg":1,"minecraft:leather":23,"minecraft:red_mushroom":4,"minecraft:potato":1,"minecraft:birch_planks":53,"minecraft:mushroom_stew":6,"minecraft:flint":1,"minecraft:lily_pad":2,"minecraft:oak_log":112,"minecraft:prismarine_bricks":36,"minecraft:gunpowder":14,"minecraft:horn_coral":2,"minecraft:dirt":299,"minecraft:bone":24,"minecraft:apple":22,"minecraft:kelp":11,"minecraft:bow":1,"minecraft:rabbit_hide":2,"minecraft:stone_pickaxe":2,"minecraft:iron_ore":34,"minecraft:rabbit":2,"minecraft:bamboo":1,"minecraft:prismarine":80,"minecraft:iron_sword":2,"minecraft:oak_planks":93,"minecraft:brain_coral":1,"minecraft:oak_slab":134,"minecraft:pumpkin":11,"minecraft:gravel":113,"minecraft:dead_fire_coral_block":9,"minecraft:sand":75,"minecraft:spruce_sapling":3,"minecraft:ink_sac":2,"minecraft:white_bed":6,"minecraft:spruce_log":23,"minecraft:gold_ore":15,"minecraft:dark_oak_log":26,"minecraft:spider_eye":5,"minecraft:mossy_cobblestone":20,"minecraft:dark_prismarine":46,"minecraft:pumpkin_seeds":1,"minecraft:lime_dye":3,"minecraft:diamond":2,"minecraft:stone_axe":1,"minecraft:dead_bubble_coral_block":5,"minecraft:dead_brain_coral_block":11,"minecraft:granite":45,"minecraft:bone_meal":109,"minecraft:oak_sapling":73,"minecraft:coal":46,"minecraft:ender_pearl":1}},"DataVersion":2584}