{"stats":{"minecraft:broken":{"minecraft:wooden_shovel":2},"minecraft:dropped":{"minecraft:stone_axe":1,"minecraft:oak_slab":2,"minecraft:birch_planks":21,"minecraft:wheat_seeds":2,"minecraft:oak_log":6,"minecraft:stone_shovel":1,"minecraft:cobblestone":20,"minecraft:clay_ball":16,"minecraft:oak_planks":40,"minecraft:dirt":86,"minecraft:wooden_axe":1,"minecraft:melon_slice":5,"minecraft:wooden_shovel":1,"minecraft:stone_pickaxe":2,"minecraft:birch_log":3},"minecraft:killed_by":{"minecraft:player":3},"minecraft:custom":{"minecraft:interact_with_furnace":5,"minecraft:mob_kills":13,"minecraft:interact_with_crafting_table":25,"minecraft:play_one_minute":75967,"minecraft:leave_game":1,"minecraft:time_since_death":12405,"minecraft:damage_resisted":32,"minecraft:time_since_rest":12431,"minecraft:sprint_one_cm":39694,"minecraft:damage_taken":4287,"minecraft:walk_one_cm":185723,"minecraft:drop":87,"minecraft:damage_dealt":4080,"minecraft:player_kills":5,"minecraft:swim_one_cm":3226,"minecraft:fly_one_cm":51405,"minecraft:open_chest":60,"minecraft:crouch_one_cm":38492,"minecraft:deaths":14,"minecraft:sneak_time":27840,"minecraft:walk_under_water_one_cm":8737,"minecraft:jump":646,"minecraft:walk_on_water_one_cm":1974,"minecraft:fall_one_cm":13304},"minecraft:mined":{"minecraft:podzol":18,"minecraft:oak_slab":14,"minecraft:snow_block":4,"minecraft:dark_oak_log":6,"minecraft:crafting_table":2,"minecraft:clay":32,"minecraft:torch":1,"minecraft:granite":26,"minecraft:grass_block":151,"minecraft:melon":12,"minecraft:chest":19,"minecraft:cobblestone":1,"minecraft:birch_slab":3,"minecraft:oak_planks":4,"minecraft:diorite":26,"minecraft:birch_planks":26,"minecraft:birch_log":31,"minecraft:iron_ore":13,"minecraft:spruce_log":7,"minecraft:andesite":19,"minecraft:pumpkin":9,"minecraft:grass_path":1,"minecraft:oak_log":48,"minecraft:coal_ore":29,"minecraft:packed_ice":9,"minecraft:gravel":50,"minecraft:dirt":35,"minecraft:stripped_oak_log":1,"minecraft:stone":140,"minecraft:oak_leaves":1},"minecraft:used":{"minecraft:diorite":1,"minecraft:iron_ore":1,"minecraft:birch_planks":33,"minecraft:stone_shovel":99,"minecraft:stone_pickaxe":277,"minecraft:oak_planks":17,"minecraft:chest":5,"minecraft:wooden_pickaxe":27,"minecraft:wooden_shovel":169,"minecraft:torch":7,"minecraft:dirt":9,"minecraft:oak_slab":20,"minecraft:mushroom_stew":5,"minecraft:granite":1,"minecraft:snowball":16,"minecraft:wooden_axe":48,"minecraft:apple":4,"minecraft:birch_slab":12,"minecraft:melon_slice":6,"minecraft:gravel":7,"minecraft:spruce_sapling":2,"minecraft:stone_axe":150,"minecraft:cobblestone":2,"minecraft:furnace":2,"minecraft:oak_sapling":2,"minecraft:birch_log":2,"minecraft:bone_meal":13},"minecraft:killed":{"minecraft:spider":1,"minecraft:creeper":1,"minecraft:sheep":1,"minecraft:zombie":2,"minecraft:fox":1,"minecraft:chicken":1,"minecraft:stray":4},"minecraft:crafted":{"minecraft:oak_slab":12,"minecraft:oak_planks":76,"minecraft:wooden_shovel":3,"minecraft:stone_shovel":4,"minecraft:wooden_pickaxe":1,"minecraft:birch_slab":12,"minecraft:furnace":2,"minecraft:bone_meal":30,"minecraft:birch_planks":40,"minecraft:stone_axe":4,"minecraft:stick":36,"minecraft:stone_pickaxe":5,"minecraft:wooden_axe":1,"minecraft:torch":4},"minecraft:picked_up":{"minecraft:birch_log":27,"minecraft:feather":17,"minecraft:birch_slab":4,"minecraft:clay_ball":76,"minecraft:leather":14,"minecraft:andesite":8,"minecraft:brown_mushroom":4,"minecraft:red_mushroom":4,"minecraft:birch_planks":25,"minecraft:flint":4,"minecraft:oak_log":35,"minecraft:map":1,"minecraft:string":4,"minecraft:dirt":167,"minecraft:bone":7,"minecraft:apple":7,"minecraft:stone_pickaxe":3,"minecraft:iron_ore":9,"minecraft:melon_slice":42,"minecraft:chest":15,"minecraft:birch_sapling":1,"minecraft:oak_planks":35,"minecraft:oak_slab":15,"minecraft:stick":14,"minecraft:pumpkin":6,"minecraft:oak_fence":1,"minecraft:torch":3,"minecraft:bowl":1,"minecraft:gravel":37,"minecraft:dark_oak_log":2,"minecraft:spruce_log":3,"minecraft:spruce_sapling":10,"minecraft:diorite":33,"minecraft:spider_eye":1,"minecraft:pumpkin_seeds":1,"minecraft:stone_shovel":1,"minecraft:stone_axe":2,"minecraft:granite":24,"minecraft:bone_meal":34,"minecraft:oak_sapling":2,"minecraft:mutton":2,"minecraft:coal":27,"minecraft:snowball":16,"minecraft:white_wool":1,"minecraft:cobblestone":108}},"DataVersion":2584}